mean_inputs,std_inputs,mean_targets,std_targets
1.0,299.90570068359375,103367.5
0.0,5.3174920082092285,1832.76220703125
0.5723562836647034,93518.5234375
0.19494888186454773,10269.31640625
